,name,orrientation,confidence,commu_agree,commu_disagree
0,Karol Markowicz,Right,Low or Initial,12,20
1,A Project for America,Center,Low or Initial,18,6
2,Aaron Rupar,Left,Low or Initial,172,92
3,Aaron Withe,Right,Low or Initial,112,103
4,AARP,Center,na,1943,4038
5,ABC News,Lean Left,High,39416,19663
6,Above The Law,Lean Left,Low or Initial,361,220
7,Abridge News,Mixed,High,469,316
8,Accuracy in Media,Right,Medium,1044,691
9,ACLU,Lean Left,na,2413,3512
10,Adam Serwer,Left,Low or Initial,17,20
11,Adventist Today,Lean Left,Low or Initial,10,17
12,Advocate,Lean Left,Low or Initial,17,18
13,AframNews,Left,Low or Initial,14,13
14,African American Conservatives,Right,Low or Initial,21,24
15,African American Intellectual History Society,Left,Low or Initial,12,6
16,Afro,Left,Low or Initial,14,10
17,Aidanne DePoy,Left,Medium,42,43
18,AJ+,Left,Low or Initial,729,268
19,Al Cardenas,Right,na,505,414
20,Al Jazeera,Lean Left,Low or Initial,5334,7720
21,Alan Dershowitz,Lean Right,Low or Initial,242,607
22,Alan Z. Rozenshtein,Lean Left,Low or Initial,8,8
23,Albert Lea Tribune,Center,Low or Initial,7,8
24,Albert Mohler,Center,Low or Initial,5,12
25,Albuquerque Journal,Center,Low or Initial,19,36
26,Alex Pareene,Lean Left,Low or Initial,32,36
27,AllSides,Mixed,High,4397,1751
28,AllSides Staff,Mixed,Low or Initial,283,147
29,Allysia Finley,Right,na,785,789
30,Alpha News,Right,Low or Initial,12,5
31,AlterNet,Left,Medium,15215,3442
32,America's 1st Freedom,Lean Right,Low or Initial,15,8
33,American Conservation Coalition,Lean Right,Low or Initial,19,10
34,American Conservative Union,Right,na,1166,623
35,American Enterprise Institute,Lean Right,Low or Initial,1909,1081
36,American Greatness,Right,Low or Initial,596,269
37,American Psychological Association,Center,Low or Initial,245,381
38,American Thinker,Right,Medium,2126,1122
39,American Values Coalition,Center,Low or Initial,7,13
40,Americans for Democratic Action,Left,na,903,374
41,Americans for Tax Reform,Right,na,825,582
42,Ammo.com,Right,Low or Initial,185,127
43,Amnesty International,Lean Left,Low or Initial,615,1048
44,Ana Marie Cox,Lean Left,Low or Initial,74,79
45,Anand Giridharadas,Left,Low or Initial,18,17
46,Anchorage Daily News,Center,Low or Initial,71,69
47,Anderson Cooper,Lean Left,Low or Initial,22,18
48,Andreas Raduege,Left,Low or Initial,67,70
49,Andrew C. McCarthy,Right,Low or Initial,77,64
50,Andrew Giuliani,Lean Right,Low or Initial,79,117
51,Andrew Napolitano,Right,na,1008,1184
52,Andrew Stuttaford,Lean Right,Low or Initial,36,33
53,Andrew Sullivan,Lean Right,na,329,358
54,Andrew Sullivan,Lean Left,Low or Initial,3,12
55,Andrew Weinzierl,Lean Left,Medium,110,91
56,Andrew Yang,Lean Left,Low or Initial,350,269
57,Andy Meek,Lean Left,Low or Initial,77,104
58,Andy Ngo,Lean Right,Low or Initial,453,589
59,Andy Stanley,Center,Low or Initial,7,11
60,Ann Coulter,Right,Medium,2158,552
61,Annafi Wahed,Lean Left,Low or Initial,380,360
62,Anthony LaMesa,Center,Low or Initial,6,5
63,Antonio Ferme,Center,High,59,38
64,Antony Blinken,Lean Left,Low or Initial,42,47
65,April Gardner,Center,na,40,22
66,Aquinas College Saint,Left,na,1056,716
67,Arc Digital,Center,Low or Initial,66,77
68,Ari Hoffman,Right,Low or Initial,23,17
69,Arizona Mirror,Center,Low or Initial,33,42
70,Arkadi Gerney,Lean Left,Low or Initial,334,311
71,Arkansas Democrat-Gazette,Left,Low or Initial,1149,899
72,Ars Technica,Center,Low or Initial,39,51
73,Associated Press,Lean Left,Medium,32081,25020
74,Associated Press Fact Check,Lean Left,Medium,6111,7013
75,Association for Psychological Science,Center,Low or Initial,877,776
76,Atlanta Black Star,Lean Left,Low or Initial,159,217
77,Atlanta Journal-Constitution,Lean Left,Low or Initial,1214,1091
78,Atlas Network,Right,Medium,550,413
79,AtlasOne,Lean Right,Medium,349,396
80,Attitude Magazine,Lean Left,Low or Initial,9,9
81,Austin American-Statesman,Lean Left,Low or Initial,1046,860
82,Austin Daily Herald,Center,Low or Initial,7,7
83,Avanti Giridharan,Center,Low or Initial,98,94
84,Axios,Center,Medium,7607,8456
85,AZ Central,Center,na,325,598
86,Babylon Bee,Lean Right,Medium,876,356
87,Ballotpedia,Center,Medium,801,541
88,Baltimore Sun,Center,Low or Initial,237,303
89,Bangor Daily News,Lean Left,Low or Initial,37,45
90,Baptist News Global,Lean Left,Low or Initial,8,16
91,Baptist Press,Center,Low or Initial,9,8
92,Baptist Standard,Center,Low or Initial,6,12
93,Bari Weiss,Center,Medium,218,159
94,Barnstable Patriot,Center,Low or Initial,642,751
95,Barron's,Center,Low or Initial,29,18
96,BBC News,Center,Medium,32423,27835
97,Bearing Drift,Right,High,751,675
98,Beaumont Enterprise,Center,Low or Initial,17,24
99,Bella Jasper,Lean Left,Low or Initial,87,79
100,Ben Sargent,Left,na,356,300
101,Ben Shapiro,Right,na,3309,1415
102,Ben Stein,Lean Right,na,865,588
103,Bernie Goldberg,Lean Right,Low or Initial,111,83
104,BET,Lean Left,Low or Initial,354,528
105,Beth Ballentine,Center,Low or Initial,428,516
106,Beth Hicks,Right,Low or Initial,72,65
107,Better Government Association,Center,Low or Initial,77,118
108,Beyond Today,Right,Low or Initial,7,6
109,Biblical Gender Roles,Right,Low or Initial,249,104
110,Biblical Sexology,Right,Low or Initial,180,99
111,Bill de Blasio,Lean Left,Medium,13,39
112,Billy Binion,Center,Medium,353,280
113,Bipartisan Policy Center,Center,Low or Initial,2,5
114,Bizpac Review,Right,Low or Initial,173,109
115,Black Agenda Report,Left,Low or Initial,35,24
116,Black Community News,Right,Low or Initial,5,10
117,Black Enterprise,Lean Left,na,127,225
118,Black News,Left,Low or Initial,8,10
119,Black News Channel,Lean Left,Low or Initial,2,4
120,Blavity,Left,Low or Initial,11,2
121,Block Club Chicago,Left,Low or Initial,143,94
122,Bloomberg,Lean Left,Medium,17420,22493
123,Blue Virginia,Left,na,911,646
124,Bob Barr,Right,Low or Initial,80,85
125,Bob Gorrell,Right,na,385,266
126,Boing Boing,Left,Low or Initial,1036,700
127,Bonnie Kristian,Center,Low or Initial,69,69
128,Boston Herald,Lean Right,Low or Initial,744,574
129,Boston Review,Lean Left,Low or Initial,111,119
130,Bowling Green Daily News,Lean Left,Low or Initial,698,738
131,Brad Parscale,Right,Low or Initial,141,56
132,Brad Polumbo,Lean Right,Low or Initial,7,4
133,Brad Raffensperger,Lean Right,Low or Initial,68,60
134,Brandon Rennels,Lean Left,Low or Initial,61,64
135,Braver Angels,Mixed,Medium,205,174
136,Braver Angels,Mixed,Low or Initial,51,40
137,Breitbart News,Right,High,42454,11761
138,Brennan Center for Justice,Lean Left,Low or Initial,36,40
139,Brent Bozell,Right,High,393,346
140,Bret Stephens,Lean Right,na,407,448
141,Bridge Alliance,Lean Left,Medium,72,68
142,Bridgemi.com,Center,Low or Initial,217,184
143,BridgeUSA,Mixed,Low or Initial,10,4
144,Bridging Divides Initiative,Center,Low or Initial,5,5
145,Brookings Institution,Center,na,2913,2176
146,Brown Girl Magazine,Left,Low or Initial,202,99
147,Brownstone Institute,Right,Low or Initial,103,90
148,Bruce Golding,Lean Right,Low or Initial,18,15
149,Bruce Yandle,Center,Low or Initial,52,58
150,Bustle,Lean Left,Low or Initial,941,925
151,BuzzFeed News,Left,Medium,27298,9671
152,Byron Donalds,Lean Right,Low or Initial,64,54
153,Byron Donalds,Lean Right,Low or Initial,28,41
154,Byron York,Right,Low or Initial,25,25
155,C-SPAN,Center,Medium,4423,1463
156,Cal Thomas,Right,Low or Initial,70,42
157,CalMatters,Center,Low or Initial,910,809
158,CalWatchdog,Center,Medium,641,679
159,Candace Owens,Right,Low or Initial,19,9
160,Capital Research Center,Lean Right,Medium,142,104
161,Care2,Left,High,706,725
162,Carnegie Endowment for International Peace,Center,na,561,504
163,Carrie Lukas,Right,na,306,236
164,Carrie Severino,Lean Right,Low or Initial,26,21
165,Catholic Digest,Lean Right,Low or Initial,3,6
166,Catholic News Agency,Right,Low or Initial,7,10
167,Catholic News Service,Center,Low or Initial,7,6
168,Cathy Young,Lean Right,Low or Initial,119,144
169,Cato Institute,Lean Right,na,1339,1832
170,CBC News,Lean Left,Low or Initial,182,273
171,CBN,Right,Medium,7163,3644
172,CBS News,Lean Left,Medium,20635,13188
173,Center For American Progress,Lean Left,na,1321,1826
174,Center for Countering Digital Hate,Lean Left,Low or Initial,12,22
175,Center for Humane Technology,Center,Low or Initial,23,19
176,Center for Media & Democracy PR Watch,Lean Left,na,332,415
177,Center for Public Integrity,Lean Left,na,806,954
178,Center for Strategic and Budgetary Assessments,Lean Right,na,431,513
179,Center on Budget and Policy Priorities,Left,na,872,738
180,Centre View,Lean Left,na,688,738
181,Chadwick Moore,Right,Low or Initial,4,4
182,Chan Lowe,Left,na,279,276
183,Charisma Magazine,Right,Low or Initial,3,3
184,Charles Blow,Lean Left,Low or Initial,393,478
185,Charles C. W. Cooke,Right,Low or Initial,9,8
186,Charles Fried,Center,Low or Initial,8,16
187,Charles Krauthammer,Lean Right,na,936,781
188,Charles Lane,Center,Low or Initial,95,131
189,Charlie Kirk,Right,Low or Initial,474,170
190,Chicago Booth Initiative on Global Markets,Mixed,Low or Initial,291,289
191,Chicago Crusader,Left,Low or Initial,106,50
192,Chicago Defender,Left,Low or Initial,148,74
193,Chicago Sun-Times,Lean Left,Medium,982,989
194,Chicago Tribune,Center,Low or Initial,2193,4108
195,Children’s Defense Fund,Left,na,434,441
196,Chip Bok,Right,na,260,214
197,Chris Britt,Center,na,245,170
198,Chris Cillizza,Lean Left,Low or Initial,39,40
199,Chris Ruddy,Right,Low or Initial,241,320
200,Chris Wallace,Center,Low or Initial,248,497
201,Christian Coalition of America,Lean Right,Low or Initial,9,9
202,Christian Headlines,Center,Low or Initial,7,9
203,Christian News Network,Right,Low or Initial,3,6
204,Christian News Now,Lean Right,Low or Initial,6,5
205,Christian Science Monitor,Center,High,16757,20385
206,Christiane Amanpour,Lean Left,Low or Initial,722,882
207,Christianity Today,Lean Right,Low or Initial,260,382
208,Christopher Barnard,Lean Right,Low or Initial,20,19
209,Christopher Buskirk,Lean Right,Low or Initial,221,171
210,Chuck Asay,Right,na,274,216
211,Church Militant,Right,Low or Initial,4,2
212,ChurchLeaders.com,Center,Low or Initial,1,7
213,City Journal,Right,Low or Initial,670,504
214,Civic Genius,Center,Low or Initial,1,2
215,Civic Health Project,Center,Low or Initial,9,5
216,Civil Squared,Lean Left,Low or Initial,3,2
217,CivilPolitics.org,Center,na,316,289
218,Claire-Laure Belt,Center,Medium,39,44
219,Clara Nevins,Lean Left,Low or Initial,54,55
220,Clare Ashcraft,Center,Medium,20,26
221,Clay Bennett,Left,na,236,174
222,CNBC,Center,Low or Initial,3767,7220
223,CNET,Center,na,589,533
224,CNN,Left,High,59158,50834
225,CNN,Left,Medium,37189,8275
226,CNN Business,Lean Left,Low or Initial,703,405
227,CNSNews.com,Right,Medium,1084,857
228,Coffee Party USA,Center,Low or Initial,106,110
229,CoinDesk,Center,Low or Initial,15,17
230,Columbia Journalism Review,Center,Low or Initial,333,599
231,Columbia Missourian,Center,Low or Initial,81,67
232,Commentary Magazine,Right,Low or Initial,337,344
233,Committee to Protect Journalists,Center,Low or Initial,60,83
234,Common Dreams,Left,Low or Initial,227,112
235,Common Ground Committee,Center,Low or Initial,53,32
236,Common Sense,Center,Low or Initial,6,6
237,Complex,Center,Low or Initial,22,18
238,Concord Monitor,Center,Low or Initial,100,120
239,Conor Friedersdorf,Center,Low or Initial,121,145
240,Conservative HQ,Right,Low or Initial,1010,473
241,ContraPoints,Left,Medium,12,10
242,Cook Report,Center,Low or Initial,1023,719
243,Corinna Cohn,Center,Low or Initial,20,17
244,Council on Foreign Relations,Left,Low or Initial,296,367
245,Countable,Center,High,165,158
246,Counter Currents,Lean Left,Low or Initial,409,338
247,Counterpointing,Mixed,Low or Initial,468,431
248,CrowdPAC,Center,Low or Initial,505,528
249,CU Independent,Center,Low or Initial,448,510
250,Current Affairs,Left,Low or Initial,534,262
251,Daily Beast,Left,High,21703,6618
252,Daily Breeze,Center,Low or Initial,65,83
253,Daily Cardinal,Center,Low or Initial,507,549
254,Daily Chela,Left,Low or Initial,83,72
255,Daily Citizen,Right,Low or Initial,135,89
256,Daily Kos,Left,Low or Initial,5853,2143
257,Daily Mail,Right,Low or Initial,13598,7343
258,Daily Norseman,Center,Low or Initial,4,3
259,Daily Northwestern,Lean Left,Low or Initial,451,473
260,Daily Press,Lean Right,Low or Initial,460,569
261,Daily Progress,Center,na,509,531
262,Daily Targum,Lean Left,Low or Initial,331,486
263,DailyTrib.com,Center,Low or Initial,13,14
264,Damon Linker,Lean Left,Medium,399,399
265,Dan Lucas,Right,na,145,118
266,Dan McLaughlin,Right,Low or Initial,50,33
267,Dan Meuser,Right,Low or Initial,36,36
268,Dan Schnur,Center,Low or Initial,104,120
269,Dan Wasserman,Left,na,144,79
270,Dana Milbank,Left,Low or Initial,288,451
271,Dana Summers,Lean Right,na,161,183
272,Daryl Davis,Center,Low or Initial,6,3
273,Data for Progress,Left,Low or Initial,54,40
274,Dave Yost,Lean Right,Low or Initial,27,24
275,David Axelrod,Lean Left,Low or Initial,25,23
276,David Brooks,Lean Right,Medium,588,741
277,David French,Lean Right,Low or Initial,106,103
278,David Frum,Lean Right,Low or Initial,65,122
279,David Harsanyi,Right,Low or Initial,90,73
280,David Holmes,Lean Left,Low or Initial,137,98
281,David Ignatius,Center,Low or Initial,235,338
282,David Leonhardt,Lean Left,na,335,235
283,David Marcus,Right,Low or Initial,28,30
284,David Meyers,Center,Low or Initial,17,22
285,David Nevins,Center,Low or Initial,15,14
286,David Petraeus,Center,Low or Initial,62,67
287,David Rothkopf,Lean Left,Low or Initial,10,6
288,Dayton Daily News,Center,Low or Initial,22,22
289,Deadline,Center,Low or Initial,28,44
290,Debilyn Molineaux,Lean Left,Low or Initial,44,51
291,Debra Saunders,Right,na,213,180
292,Defense One,Center,Low or Initial,414,403
293,Democracy Now!,Left,Low or Initial,14575,3398
294,Dennis Prager,Right,Low or Initial,433,231
295,Des Moines Register,Center,Low or Initial,198,323
296,Deseret News,Center,Low or Initial,1507,2045
297,Desiring God,Lean Right,Low or Initial,64,73
298,DetectFakeNews.com,Center,Low or Initial,64,86
299,Detroit Free Press,Lean Left,Low or Initial,349,391
300,Detroit Lakes Tribune,Center,Low or Initial,2,2
301,Detroit News,Center,Low or Initial,226,368
302,Deutsche Welle,Center,Low or Initial,258,155
303,Diamond and Silk,Right,Low or Initial,4,4
304,Diamond and Silk,Right,Low or Initial,263,102
305,Dick Locher,Right,na,91,112
306,Dick Morris,Lean Right,na,282,347
307,Diplomatic Courier,Center,Medium,440,367
308,DiversityInc,Lean Left,Low or Initial,3,3
309,Divided We Fall,Mixed,Low or Initial,39,32
310,Divided We Fall,Mixed,Low or Initial,36,30
311,Dominic Pino,Lean Right,Low or Initial,12,12
312,Douglas Murray,Lean Right,Low or Initial,6,8
313,Dr. Abdul El-Sayed,Left,Low or Initial,86,54
314,Dr. Ben Carson,Lean Right,Low or Initial,80,71
315,Drew Litton,Center,na,91,136
316,Drew Sheneman,Left,na,147,107
317,Drudge Report,Lean Right,Medium,2436,2347
318,Duke Chronicle,Center,Low or Initial,483,493
319,Dylan Rose,Center,Low or Initial,44,36
320,E J Dionne,Left,Low or Initial,610,501
321,East Bay Times,Lean Left,Low or Initial,151,102
322,Ebony,Left,Low or Initial,6,4
323,Economic Policy Institute,Left,na,435,348
324,Ed Kilgore,Lean Left,Low or Initial,31,30
325,Ed Rogers,Right,na,214,134
326,Ed Yong,Center,Low or Initial,17,18
327,Eddie Scarry,Right,Low or Initial,42,37
328,Eden Prairie Local News,Center,Low or Initial,3,3
329,Education Week,Center,na,197,287
330,EdVotes.org,Left,na,170,95
331,Edward Morrissey,Right,na,200,199
332,El Paso Times,Center,Low or Initial,13,14
333,Eli Pariser,Left,Low or Initial,99,68
334,Eli Steinberg,Center,Low or Initial,33,39
335,Elie Mystal,Left,Low or Initial,64,39
336,Elizabeth Bruenig,Left,Low or Initial,9,14
337,Elle Magazine,Lean Left,Low or Initial,85,75
338,Elvia Díaz,Left,Low or Initial,19,8
339,Emily Oster,Center,Low or Initial,3,15
340,Environmental Defense Fund,Lean Left,na,476,428
341,Eric Allie,Right,na,180,151
342,Eric Boehm,Lean Right,Low or Initial,42,42
343,Eric Holder,Lean Left,Low or Initial,126,491
344,Erie Gay News,Lean Left,Low or Initial,3,3
345,Erik Wemple,Center,Low or Initial,375,510
346,Erraticus,Center,Medium,70,46
347,ESPN.com,Lean Left,Low or Initial,307,324
348,Esquire,Left,Low or Initial,1409,646
349,Estes Park Trail Gazette,Center,na,339,408
350,Ethan Horowitz,Lean Right,Medium,12,12
351,Eugene Robinson,Left,na,371,250
352,Eurek Alert,Center,Low or Initial,427,473
353,Evie Magazine,Lean Right,Low or Initial,270,116
354,Ezra Klein,Left,Low or Initial,650,420
355,Face the Facts USA,Center,na,308,464
356,FAIR,Lean Left,Low or Initial,694,710
357,Fairmont Sentinel,Center,Low or Initial,3,1
358,Falls Church News - Press,Left,na,487,526
359,Family Research Council,Lean Right,na,532,792
360,Fareed Zakaria,Center,Low or Initial,592,1037
361,Farhad Manjoo,Lean Left,Low or Initial,40,41
362,Federation of American Scientists,Lean Left,Low or Initial,419,502
363,FEE.org,Lean Right,Low or Initial,724,241
364,Financial Times,Center,Low or Initial,1126,729
365,First Draft News,Center,na,50,56
366,Fiscal Times,Lean Right,Low or Initial,791,700
367,FiveThirtyEight,Center,Low or Initial,4871,4326
368,Florida Politics,Center,Low or Initial,17,48
369,Food Democracy Now,Lean Left,na,199,223
370,Forbes,Center,Low or Initial,15260,9874
371,Foreign Affairs,Center,Low or Initial,1192,700
372,Foreign Policy,Center,Low or Initial,451,507
373,Fort Worth Star-Telegram,Center,Low or Initial,53,78
374,Fortune,Center,Low or Initial,275,446
375,Forward,Center,Low or Initial,2,0
376,Foundation Against Intolerance and Racism,Center,Low or Initial,4,7
377,Fox Business,Lean Right,Low or Initial,429,243
378,Fox News,Right,High,49798,51717
379,Fox News,Right,Low or Initial,32053,7367
380,Fox News Latino,Right,Low or Initial,2933,1314
381,Fox21,Center,Low or Initial,18,19
382,Fox9,Center,Low or Initial,20,24
383,Frank Bruni,Lean Left,Low or Initial,205,236
384,Frank Miniter,Right,Low or Initial,423,400
385,Franklin D. Kramer,Center,Low or Initial,18,14
386,Freakonomics,Center,na,490,305
387,Freedom House,Lean Right,Low or Initial,167,236
388,Frida Ghitis,Lean Left,Low or Initial,23,39
389,Froma Harrop,Lean Left,na,138,133
390,FrontPage Magazine,Right,Medium,670,490
391,Gabrielle Giffords,Lean Left,Low or Initial,81,97
392,Gallup,Center,Low or Initial,813,737
393,Gary Markstein,Center,na,81,110
394,Gary Varvel,Right,na,116,55
395,Gay City News,Lean Left,Low or Initial,6,2
396,Gay Times,Lean Left,Low or Initial,4,3
397,GayBuzzer,Center,Low or Initial,6,5
398,GayNewsToday,Left,Low or Initial,7,1
399,GayStarNews,Left,Low or Initial,3,2
400,Gell,Mixed,Medium,147,107
401,George W. Bush,Lean Right,Low or Initial,220,122
402,George Will,Right,na,685,1092
403,Georgia Asian Times,Center,Low or Initial,5,9
404,Georgia Recorder,Center,Low or Initial,7,9
405,Georgia Voice,Left,Low or Initial,2,1
406,Gina Baleria,Lean Left,Low or Initial,47,46
407,Gizmodo,Lean Left,Low or Initial,410,273
408,GLAAD,Lean Left,Low or Initial,101,302
409,GLAAD,Left,Low or Initial,5,1
410,Glenn Beck,Right,Low or Initial,1105,352
411,Glenn Greenwald,Center,Low or Initial,235,299
412,Glenn Harlan Reynolds,Lean Right,Low or Initial,50,44
413,Glenn Loury,Center,Low or Initial,3,3
414,Glenn McCoy,Right,na,84,68
415,Global Disinformation Index,Left,Low or Initial,32,27
416,Global News,Lean Left,Low or Initial,2,2
417,Gloria Steinem,Left,Low or Initial,70,33
418,GoLocal Providence,Center,Low or Initial,45,30
419,Good Faith Media,Lean Left,Low or Initial,2,1
420,Good News Magazine,Lean Right,Low or Initial,2,1
421,Google News,Lean Left,Medium,1115,822
422,GOP.gov,Right,na,649,322
423,Gothamist,Center,Low or Initial,9,7
424,Govt. Accountability Office,Center,Low or Initial,39,34
425,GQ.com,Lean Left,Low or Initial,256,292
426,Greg Sargent,Left,Low or Initial,9,14
427,Grist,Lean Left,Low or Initial,578,606
428,Grover Norquist,Right,na,484,216
429,Guest Writer - Center,Center,High,123,161
430,Guest Writer - Left,Lean Left,Medium,278,362
431,Guest Writer - Right,Lean Right,Medium,332,443
432,Guy Benson,Right,Low or Initial,1,5
433,H.R. McMaster,Center,Low or Initial,71,46
434,Haaretz,Center,Low or Initial,42,89
435,Hampton Roads Messanger,Center,na,447,451
436,Harvard Business School,Lean Left,Low or Initial,858,1075
437,Hasan Piker,Left,Low or Initial,50,10
438,Hayes Brown,Left,Low or Initial,27,18
439,Healthcare.gov,Lean Left,na,334,661
440,Heather Mac Donald,Right,Medium,190,228
441,Heather Thompson Day,Center,Low or Initial,26,31
442,Heavy.com,Center,Low or Initial,203,262
443,Helaine Olen,Lean Left,Low or Initial,9,9
444,Helen Andrews,Lean Right,Low or Initial,41,32
445,Henry A. Brechter,Center,Medium,129,151
446,Henry Payne,Right,na,121,136
447,Henry Windsor,Lean Left,Low or Initial,30,27
448,Herald Democrat,Left,Low or Initial,566,464
449,Herald-Dispatch,Lean Left,Low or Initial,34,30
450,Herald-Tribune,Lean Left,Low or Initial,10,6
451,Heterodox Academy,Center,Low or Initial,5,3
452,High Times,Lean Left,Low or Initial,78,72
453,Hindustan Times,Center,Low or Initial,5,11
454,Hip Latina,Left,Low or Initial,55,44
455,Hirsh Joshi,Left,Low or Initial,91,73
456,Homeland Security Today,Lean Left,Low or Initial,13,17
457,Honolulu Civil Beat,Center,Low or Initial,427,584
458,HotAir,Lean Right,Low or Initial,1160,1038
459,Houston Chronicle,Center,Low or Initial,213,469
460,Howard Kurtz,Center,Low or Initial,558,481
461,Hudson Crozier,Lean Right,Low or Initial,7,8
462,HuffPost,Left,High,37584,22697
463,Human Events,Lean Right,Low or Initial,19,14
464,Human Rights Campaign,Left,Low or Initial,136,48
465,Human Rights Watch,Center,Low or Initial,109,171
466,Hyria Stuart,Lean Left,Low or Initial,42,52
467,Idaho Statesman,Center,Low or Initial,163,212
468,In This Together,Center,Low or Initial,2,1
469,Inacow,Right,Low or Initial,446,344
470,IncentFit,Center,Low or Initial,12,14
471,Independent Institute,Lean Right,Medium,364,380
472,Independent Journal Review,Lean Right,Low or Initial,1397,1312
473,Indiana Daily Student,Center,Low or Initial,333,451
474,Indy Online,Center,Low or Initial,355,379
475,Indy Week,Lean Left,Low or Initial,371,409
476,IndyStar,Center,Low or Initial,65,75
477,InfoWars,Right,Medium,5558,1206
478,Inland Valley Daily Bulletin,Center,Low or Initial,44,47
479,Inside Higher Ed,Lean Left,Low or Initial,23,20
480,Inside Philanthropy,Center,na,365,411
481,Insider,Lean Left,Medium,4455,6721
482,Institute for Cultural Evolution,Center,Low or Initial,3,4
483,Intellectual Conservative,Lean Right,na,420,472
484,International Business Times,Center,na,1157,942
485,Investopedia,Center,Low or Initial,0,0
486,Investor's Business Daily,Lean Right,Low or Initial,1330,1090
487,Iowa Capital Dispatch,Center,Low or Initial,18,25
488,Ipsos,Center,Low or Initial,12,25
489,Isaiah Anthony,Center,Low or Initial,15,11
490,Issue One,Center,Low or Initial,8,7
491,IVN,Center,Medium,516,523
492,Jack Ohman,Left,na,99,59
493,Jack Shafer,Center,Low or Initial,13,15
494,Jack Welch,Lean Right,na,167,157
495,Jackson Lanzer,Center,Low or Initial,59,68
496,Jacob Hess,Right,Medium,49,46
497,Jacobin,Left,High,1181,285
498,Jamelle Bouie,Left,Low or Initial,13,9
499,James Bovard,Lean Right,Low or Initial,68,49
500,James Coan,Center,Low or Initial,54,65
501,James Downie,Left,Low or Initial,18,21
502,James Hohmann,Lean Right,na,119,112
503,James Mattis,Center,Low or Initial,125,101
504,James Pethokoukis,Lean Right,Low or Initial,134,128
505,James Poulos,Right,Low or Initial,96,80
506,Jared McKiernan,Center,Low or Initial,41,47
507,Jason L Riley,Lean Right,Low or Initial,4,1
508,Jed Shugerman,Lean Left,Low or Initial,4,6
509,Jeff Danziger,Left,na,92,85
510,Jeff Flake,Lean Right,Low or Initial,128,269
511,Jeff Jacoby,Right,Low or Initial,151,118
512,Jeff Spross,Left,Low or Initial,68,53
513,Jeff Stahler,Left,na,109,83
514,Jefferson Public Radio,Center,Low or Initial,39,43
515,Jen Sorensen,Left,na,97,70
516,Jennifer Auer,Center,Low or Initial,35,34
517,Jennifer Rubin,Lean Left,na,274,466
518,Jeremy E Sherman,Lean Left,Low or Initial,57,66
519,Jeremy Garson,Lean Left,Low or Initial,22,22
520,Jeremy Stahl,Left,Low or Initial,21,17
521,Jerry Bowyer,Right,Low or Initial,193,276
522,Jerry Holbert,Right,na,96,82
523,Jesse Lee Peterson,Right,Low or Initial,3,1
524,Jessica Hardin,Center,na,23,20
525,Jewish Insider,Center,Low or Initial,11,17
526,Jezebel,Left,Low or Initial,478,153
527,Jill Lawrence,Lean Left,Low or Initial,30,24
528,Jim Geraghty,Lean Right,Low or Initial,72,69
529,Jim Morin,Left,na,83,42
530,Jim Obergefell,Lean Left,Low or Initial,71,65
531,Jim Rutenberg,Lean Left,na,96,85
532,Joan Blades,Left,Low or Initial,158,215
533,Joan Walsh,Left,Low or Initial,82,46
534,Joe Rogan,Center,Low or Initial,83,62
535,Joe Scarborough,Lean Right,na,379,1513
536,Joel Osteen,Center,Low or Initial,3,2
537,Joel Pett,Left,na,95,90
538,JoeMyGod,Left,Low or Initial,3,2
539,John Boehner,Right,Low or Initial,307,453
540,John Bolton,Lean Right,Low or Initial,41,57
541,John Deering,Center,na,85,82
542,John Fund,Lean Right,Low or Initial,185,196
543,"John Gable, AllSides Co-founder",Lean Right,Medium,294,366
544,John Gallagher,Lean Left,Low or Initial,11,9
545,John K. Herr,Lean Right,na,87,66
546,John Lewis,Lean Left,Low or Initial,40,59
547,John Logan,Lean Left,Low or Initial,5,8
548,John Nichols,Left,Low or Initial,7,6
549,John Podhoretz,Right,Low or Initial,36,34
550,John Pudner,Right,Medium,115,128
551,John R. Wood Jr.,Center,Low or Initial,68,65
552,John Stossel,Lean Right,Medium,980,754
553,Johnny Harris,Lean Left,Low or Initial,81,58
554,Jon Lovett,Left,Low or Initial,6,7
555,Jon Terbush,Lean Left,Low or Initial,144,197
556,Jonah Goldberg,Right,Low or Initial,139,236
557,Jonathan Bernstein,Center,Low or Initial,22,38
558,Jonathan Chait,Left,Medium,192,175
559,Jonathan Haidt,Center,Low or Initial,124,88
560,Jonathan Miller,Left,Medium,119,120
561,Jonathan Turley,Lean Right,Low or Initial,27,43
562,Jordan Weissmann,Left,Low or Initial,47,41
563,Joseph Curl,Right,Low or Initial,1,2
564,Joseph Ratliff,Lean Left,Low or Initial,75,89
565,Journalist's Resource,Center,Low or Initial,343,385
566,Joyce Meyer,Center,Low or Initial,3,4
567,Jreg,Center,Low or Initial,85,93
568,JRL Charts,Left,Low or Initial,3,3
569,JSTOR Daily,Center,Low or Initial,90,82
570,Juan Williams,Lean Left,na,645,635
571,Jubilee Media,Center,na,361,427
572,Judicial Watch,Lean Right,Low or Initial,1433,1496
573,Judson Berger,Lean Right,Low or Initial,18,17
574,Judy Sheindlin,Center,Low or Initial,67,87
575,Julian Zelizer,Lean Left,Low or Initial,190,214
576,Julie Mastrine,Lean Right,Medium,109,114
577,Just Facts,Center,Low or Initial,162,216
578,Just Security,Center,Low or Initial,55,62
579,Just The News,Center,Low or Initial,355,787
580,Kaiser Family Foundation,Center,Low or Initial,19,24
581,KALW.org,Center,Low or Initial,50,58
582,KARE11,Center,Low or Initial,1,3
583,Karen E. Young,Center,Low or Initial,8,4
584,Karl Rove,Lean Right,Low or Initial,62,65
585,Kathleen Parker,Lean Right,na,269,221
586,Katie Hill,Lean Left,Low or Initial,80,114
587,Katie Hyten,Center,Low or Initial,34,32
588,Katrina vanden Heuvel,Left,Low or Initial,28,18
589,KATU,Center,Low or Initial,138,166
590,Keeping it Right,Right,Low or Initial,2,2
591,Kelly Murphy,Lean Left,Low or Initial,31,40
592,Ken Catalino,Right,na,53,54
593,Kenosha News,Center,Low or Initial,42,70
594,Kevin D. Williamson,Lean Right,Low or Initial,33,27
595,Kevin Kallaugher,Lean Left,Low or Initial,74,60
596,Kevin McLaughlin,Lean Right,Low or Initial,22,22
597,Kilgore News Herald,Center,Low or Initial,11,11
598,Kimberley A. Strassel,Right,na,261,174
599,Kirsten Powers,Lean Left,Low or Initial,169,158
600,KNSI Radio,Center,Low or Initial,1,2
601,KQED,Center,Low or Initial,620,554
602,Kristin Hansen,Lean Left,Low or Initial,46,54
603,Kristin Shiuey,Center,Low or Initial,9,12
604,KSL,Right,Low or Initial,1036,993
605,KSTP,Center,Low or Initial,5,3
606,KTTC News,Center,Low or Initial,0,2
607,KVRR,Center,Low or Initial,2,0
608,Kwame Raoul,Lean Left,Low or Initial,35,38
609,KWCH,Center,na,37,33
610,Kyle Smith,Lean Right,Low or Initial,65,54
611,LA Sentinel,Left,Low or Initial,2,3
612,Lalo Alcaraz,Left,na,68,50
613,Lanhee Chen,Right,Low or Initial,107,131
614,Laramie Boomerang,Center,Low or Initial,30,24
615,Laredo Morning Times,Lean Left,Low or Initial,8,7
616,Las Vegas Review-Journal,Center,Low or Initial,27,24
617,Las Vegas Sun,Lean Left,Low or Initial,395,404
618,Latino Rebels,Left,Low or Initial,73,73
619,Laura Rose Junco,Center,Low or Initial,37,39
620,Lauren Duca,Left,Low or Initial,132,116
621,Laurie Roberts,Lean Left,Low or Initial,16,12
622,Law & Crime,Center,Low or Initial,76,97
623,Lawfare,Center,Low or Initial,11,6
624,Leadership Now Project,Center,Low or Initial,3,2
625,Leafly,Left,Low or Initial,44,36
626,Leana Wen,Lean Left,Low or Initial,43,54
627,Leesburg Today,Lean Right,Low or Initial,301,281
628,Left Guest Commentaries,Left,na,150,162
629,Leo Necheles,Center,Low or Initial,18,27
630,Leonard Pitts Jr,Left,Low or Initial,159,111
631,Lexington Herald-Leader,Center,Low or Initial,34,34
632,LGBTQ Nation,Left,Low or Initial,232,257
633,Life After Hate,Lean Left,Low or Initial,7,8
634,Lifehacker,Center,Low or Initial,460,459
635,Lisa Benson,Right,na,92,82
636,Lisa Gable,Right,Low or Initial,104,112
637,Live Action News,Lean Right,Low or Initial,424,297
638,Live Science,Center,Low or Initial,131,117
639,Living Lutheran,Center,Low or Initial,3,2
640,Log Cabin,Right,Low or Initial,2,3
641,Long Beach Press-Telegram,Center,Low or Initial,49,57
642,Longmont Times-Call,Lean Left,na,256,221
643,Los Angeles Daily News,Center,na,63,136
644,Los Angeles Times,Lean Left,Low or Initial,5186,3845
645,Lucas Grindley,Lean Left,Low or Initial,2,2
646,Lucy Pinto,Lean Left,Low or Initial,40,51
647,Luke Winkie,Left,Low or Initial,6,4
648,Madeleine Albright,Lean Left,Low or Initial,25,18
649,Maine Beacon,Lean Left,Low or Initial,16,19
650,Making Sense,Center,Low or Initial,66,41
651,Malala Yousafzai,Center,Low or Initial,32,30
652,Manhattan Institute,Lean Right,na,368,439
653,Mankato Free Press,Lean Left,Low or Initial,1,1
654,Marc A. Thiessen,Right,na,495,299
655,Marc Joffe,Lean Right,Low or Initial,27,27
656,Marc Lamont Hill,Left,Low or Initial,5,2
657,Marc Schulman,Center,Low or Initial,22,24
658,Marcia Beckford,Lean Left,Low or Initial,40,48
659,Mariannette Miller-Meeks,Lean Right,Medium,7,7
660,Marijuana Moment,Lean Left,Low or Initial,63,59
661,Mario Nicolais,Lean Right,Low or Initial,35,34
662,Mark Begich,Left,na,116,95
663,Mark Gerzon,Center,Low or Initial,82,96
664,Mark Hertsgaard,Lean Left,Low or Initial,33,31
665,Mark Mix,Right,na,126,91
666,Mark Morford,Left,na,75,57
667,Mark Weaver,Lean Right,Low or Initial,2,4
668,MarketWatch,Center,Medium,492,1226
669,Marshall Ramsey,Center,na,92,82
670,Martin Luther King III,Lean Left,Low or Initial,50,60
671,Mary O'Grady,Right,na,96,119
672,Mashable,Left,Low or Initial,677,298
673,Masih Alinejad,Center,Low or Initial,66,53
674,MassLive.com,Lean Left,Low or Initial,23,24
675,Matt Bors,Left,na,83,40
676,Matt Byrne,Center,Low or Initial,32,31
677,Matt Davies,Left,na,134,73
678,Matt Drudge,Right,Medium,519,545
679,Matt Lewis,Center,Low or Initial,32,39
680,Matt Taibbi,Center,Low or Initial,22,16
681,Matt Towery,Lean Right,na,90,80
682,Matt Welch,Lean Right,Low or Initial,138,225
683,Matt Wuerker,Left,na,107,78
684,Matthew McConaughey,Center,Low or Initial,23,26
685,Matthew Walther,Lean Right,Low or Initial,144,58
686,Matthew Yglesias,Lean Left,Low or Initial,23,25
687,Maureen Callahan,Lean Right,Low or Initial,17,17
688,Maureen Dowd,Center,Low or Initial,312,765
689,Max Boot,Left,Low or Initial,22,14
690,Max Karlin,Lean Right,Low or Initial,45,48
691,McClatchyDC,Center,Low or Initial,151,204
692,Meaws,Lean Left,Low or Initial,1,3
693,Media Matters,Left,High,3322,1769
694,Media Research Center,Right,High,1491,1761
695,Media Village,Center,Low or Initial,20,22
696,Mediaite,Lean Left,Low or Initial,1049,1094
697,Mercatus Center,Lean Right,Medium,45,29
698,Meridian Magazine,Lean Right,Low or Initial,20,18
699,Merrick Garland,Lean Left,High,14,36
700,Metro Weekly,Left,Low or Initial,29,31
701,Mexico Daily Post,Center,Low or Initial,4,6
702,Mexico News Daily,Center,Low or Initial,11,11
703,Miami Herald,Lean Left,Low or Initial,547,554
704,Micaela Ricaforte,Center,Low or Initial,54,56
705,Michael A. Cohen,Lean Left,Low or Initial,19,21
706,Michael Arceneaux,Left,Low or Initial,0,3
707,Michael Barone,Lean Right,na,185,149
708,Michael Brendan Dougherty,Lean Right,Low or Initial,195,191
709,Michael Gerson,Lean Right,na,204,168
710,Michael Goodwin,Right,Low or Initial,342,124
711,Michael Graham,Right,Low or Initial,66,79
712,Michael Kinsley,Left,Medium,156,112
713,Michael Medved,Right,Low or Initial,177,242
714,Michael Ramirez,Right,na,145,152
715,Michael Strong,Lean Right,Low or Initial,33,37
716,Michael Tauberg,Center,Low or Initial,38,44
717,Michelle Alexander,Lean Left,Low or Initial,226,168
718,Michelle Goldberg,Left,Low or Initial,156,137
719,Michelle Malkin,Right,na,622,315
720,MichelleMalkin.com,Right,na,697,360
721,Michigan Daily,Lean Left,Low or Initial,331,301
722,Migration Policy Institute,Center,Low or Initial,18,20
723,Mike Huckabee,Lean Right,Low or Initial,117,148
724,Mike Lester,Right,na,57,47
725,Mike Luckovich,Left,na,175,152
726,Mike Pence,Right,Low or Initial,339,140
727,Mike Thompson,Center,na,86,109
728,Military Times,Center,Low or Initial,186,209
729,Millennial Action Project,Center,Low or Initial,1,3
730,Milwaukee Journal Sentinel,Center,Low or Initial,18,32
731,Minnesota Lawyer,Center,Low or Initial,6,5
732,Minnesota Native News,Center,Low or Initial,1,1
733,Minnesota News Network,Center,Low or Initial,1,1
734,Minnesota Public Radio,Center,Low or Initial,3,9
735,Minnesota Reformer,Left,Low or Initial,11,5
736,Minnesota Spokesman Reporter,Center,Low or Initial,6,6
737,MinnPost,Center,Low or Initial,0,1
738,Miranda Devine,Right,Low or Initial,65,37
739,Mises Institute,Lean Right,Low or Initial,103,66
740,Misinformation Review,Center,Low or Initial,62,81
741,Mismatch.org,Mixed,High,147,152
742,Mississippi Today,Center,Low or Initial,4,4
743,MIT News,Center,Low or Initial,342,292
744,Mitú,Left,Low or Initial,58,50
745,MLive.com,Center,Low or Initial,35,67
746,"Moníca Guzman, Braver Angels",Lean Left,Low or Initial,25,26
747,Monica Hesse,Lean Left,Low or Initial,7,9
748,More in Common,Center,Low or Initial,2,1
749,Morgan Jacobsen,Center,na,111,131
750,Morning Brew,Lean Left,Low or Initial,2,1
751,Mother Jones,Left,na,16723,2544
752,MSNBC,Left,Medium,23877,6067
753,MTV News Online,Lean Left,na,191,305
754,Multiple Writers - Center,Center,Low or Initial,56,61
755,Multiple Writers - Lean Left,Lean Left,Medium,39,40
756,Multiple Writers - Lean Right,Lean Right,Low or Initial,40,31
757,Multiple Writers - Left,Left,Medium,40,20
758,Multiple Writers - Mixed,Mixed,Medium,60,65
759,Multiple Writers - Right,Right,Low or Initial,28,17
760,NAACP,Lean Left,na,437,846
761,National Catholic Register,Right,Low or Initial,4,2
762,National Committee to Preserve Social Security and Medicare,Left,na,320,278
763,National Conference of State Legislatures,Center,Low or Initial,10,8
764,National Constitution Center,Center,Low or Initial,201,190
765,National Federation of Independent Business,Lean Right,Low or Initial,37,37
766,National Geographic,Center,Low or Initial,310,274
767,National Institute for Civil Discourse,Center,Low or Initial,8,6
768,National Interest,Center,Low or Initial,305,434
769,National Journal,Center,na,1095,856
770,National Post,Lean Right,Low or Initial,95,34
771,National Review,Right,Medium,21416,8827
772,Nature.com,Center,Low or Initial,269,205
773,Nautilus Quarterly,Center,Low or Initial,41,37
774,NBC News,Lean Left,Medium,14247,13514
775,NBC Today Show,Lean Left,na,1710,1787
776,Neal K. Katyal,Lean Left,Low or Initial,61,48
777,Neil J. Young,Lean Left,Low or Initial,98,112
778,Neil Patel,Right,Low or Initial,38,33
779,Network for Responsible Public Policy,Center,Low or Initial,1,0
780,New Discourses,Center,Low or Initial,177,162
781,New Economy Working Group,Lean Left,na,131,105
782,New Hampshire Union Leader,Center,Low or Initial,100,110
783,New Jersey Globe,Center,Low or Initial,20,19
784,New Jersey Monitor,Lean Left,Low or Initial,17,18
785,New Pittsburgh,Left,Low or Initial,5,6
786,New Republic,Left,Low or Initial,1948,912
787,New York Daily News,Left,Low or Initial,1630,729
788,New York Magazine,Left,Low or Initial,2474,1068
789,New York Post,Lean Right,High,17120,8928
790,New York Post,Right,Medium,417,207
791,New York Times,Lean Left,High,32576,42323
792,New York Times,Left,High,17460,4913
793,News Center Maine,Lean Left,Low or Initial,12,11
794,News Literacy Project,Center,na,65,59
795,News One,Lean Left,Low or Initial,3,2
796,NewsBusters,Right,High,688,378
797,Newsmax,Right,Medium,11930,11688
798,Newsmax - Opinion,Right,Medium,686,223
799,NewsNation,Center,Low or Initial,470,562
800,NewsOne,Left,Low or Initial,290,127
801,Newsweek,Center,Medium,4645,8353
802,Newsy,Center,Low or Initial,485,364
803,Newt Gingrich,Right,na,881,381
804,Newtrals,Center,Low or Initial,47,37
805,Nicholas Kristof,Left,Low or Initial,401,384
806,Nick Anderson,Center,na,69,87
807,Nieman Lab,Center,Medium,132,138
808,nj.com,Lean Left,Low or Initial,19,24
809,NMPolitics.net,Center,Low or Initial,261,319
810,No Labels,Center,na,168,151
811,Noah Rothman,Lean Right,Low or Initial,77,67
812,Noah Smith,Lean Left,Low or Initial,35,46
813,North Wright County Today,Center,Low or Initial,2,1
814,NowThis News,Lean Left,Low or Initial,2,6
815,NPR,Lean Left,Medium,34055,33589
816,NPR,Lean Left,Low or Initial,9447,11194
817,NYNMedia,Left,Low or Initial,18,17
818,Occupy Democrats,Left,Low or Initial,5,2
819,Ohio Capital Journal,Lean Left,Low or Initial,25,18
820,OilPrice.com,Center,Low or Initial,18,17
821,One America News Network,Right,Low or Initial,2775,1474
822,One Nation News,Lean Left,Low or Initial,3,2
823,OpenSecrets.org,Center,Low or Initial,761,560
824,Orange County Register,Lean Right,Low or Initial,440,359
825,Orlando Sentinel,Center,Low or Initial,23,46
826,Our.News,Center,Low or Initial,31,27
827,Out,Left,Low or Initial,2,1
828,Out In Jersey,Lean Left,Low or Initial,1,3
829,Outkick the Coverage,Center,Low or Initial,57,126
830,Pacific Research Institute,Right,Low or Initial,244,246
831,Pacific Standard,Lean Left,Low or Initial,483,439
832,Palm Springs Desert Sun,Center,Low or Initial,31,35
833,Pasadena Star-News,Center,Low or Initial,41,48
834,Pat Buchanan,Right,Medium,257,120
835,Pat Oliphant,Center,na,83,91
836,Patch.com,Center,Low or Initial,50,110
837,Paul Brandus,Center,Low or Initial,23,34
838,Paul Krugman,Left,High,768,447
839,Paul Mulholland,Lean Left,Low or Initial,15,21
840,Paul Szep,Center,na,82,77
841,Paul Volcker,Center,Low or Initial,97,78
842,Paul Waldman,Left,Low or Initial,39,29
843,PBS NewsHour,Center,Low or Initial,4033,3131
844,Peacock Panache,Left,Low or Initial,241,136
845,Pedro Silva,Center,Low or Initial,38,54
846,Peggy Noonan,Right,na,431,686
847,Pennsylvania Capital-Star,Lean Right,Low or Initial,27,28
848,People,Lean Left,Low or Initial,26,32
849,People for the American Way,Left,na,406,261
850,Persuasion,Lean Left,Low or Initial,4,4
851,Pete Weichlein,Center,Low or Initial,6,10
852,Peter Boghossian,Center,Low or Initial,5,1
853,Peter Roff,Lean Right,Medium,392,202
854,Peter Thiel,Lean Right,Low or Initial,121,157
855,Pew Research Center,Center,High,2698,1721
856,Philadelphia Gay News,Lean Left,Low or Initial,3,5
857,Phillip Bader,Center,Low or Initial,40,53
858,Phys.org,Center,Low or Initial,289,165
859,Physicians for a National Health Program,Left,Low or Initial,266,184
860,Physicians for Life,Lean Right,Low or Initial,12,22
861,Piers Morgan,Lean Left,Low or Initial,511,865
862,PinkNews,Left,Low or Initial,192,61
863,Pittsburgh Post-Gazette,Center,Low or Initial,402,470
864,PJ Media,Right,Low or Initial,789,330
865,Political Empathy Project,Center,Low or Initial,8,7
866,Politico,Lean Left,Medium,25197,32075
867,PoliticusUSA,Left,Low or Initial,1232,438
868,Pope County Tribune,Center,Low or Initial,8,9
869,Portland Press Herald,Center,Medium,315,469
870,Post-Bulletin,Center,Low or Initial,1,3
871,Poynter,Center,Medium,204,472
872,Prager University,Right,High,3980,948
873,Premier Christian News,Lean Left,Low or Initial,6,6
874,PRI,Center,Low or Initial,841,578
875,Progressive Voices of Iowa,Left,Low or Initial,306,182
876,Project Veritas,Right,Low or Initial,587,587
877,ProPublica,Lean Left,Medium,2097,1365
878,Psych Central,Center,Medium,8,12
879,Psychology Today,Center,Low or Initial,180,208
880,Public News Service,Center,Low or Initial,3,0
881,PXW News,Center,Low or Initial,249,256
882,Quartz,Center,Low or Initial,806,933
883,Queerty,Left,Low or Initial,5,2
884,Quillette,Lean Right,Low or Initial,662,976
885,Quin Hillyer,Lean Right,Low or Initial,23,30
886,Quinnipiac University,Center,Low or Initial,311,528
887,Rachel Eckhardt,Lean Left,Medium,91,106
888,Rahm Emanuel,Lean Left,na,100,316
889,Ralph Benko,Right,Medium,133,161
890,Ramesh Ponnuru,Right,na,203,177
891,RAND Corporation,Lean Left,na,601,825
892,Rand Paul,Lean Right,na,624,551
893,Rasmussen Reports,Lean Right,na,715,1028
894,Raw Story,Left,na,1607,600
895,RealClearPolitics,Center,Medium,4583,5654
896,Reason,Lean Right,Medium,10207,6306
897,Reason Foundation,Lean Right,Low or Initial,318,350
898,Rebecca Sheehan,Lean Right,Low or Initial,33,26
899,Record Journal,Center,Low or Initial,199,208
900,Red Lake Nation News,Center,Low or Initial,3,0
901,Red Racing Horses,Right,Medium,69,79
902,RedBlueDictionary.org,Mixed,High,218,171
903,redefinED,Center,Low or Initial,184,107
904,Redlands Daily Facts,Center,Low or Initial,31,37
905,RedState,Right,Low or Initial,972,360
906,Refinery29,Left,Medium,133,83
907,Relevant Magazine,Lean Left,Low or Initial,2,3
908,Religion News Service,Center,Low or Initial,3,2
909,Rem Reider,Center,Low or Initial,128,133
910,Reuters,Center,Medium,21270,12519
911,"Rev. Barbara Ann Michaels, Jester of the Peace",Lean Left,Low or Initial,4,6
912,Rev. Jesse Jackson Sr.,Left,Medium,682,231
913,Revolver News,Right,Low or Initial,78,43
914,Rex Huppke,Left,Low or Initial,12,11
915,Rich Lowry,Right,na,352,329
916,Rich Tafel,Center,Low or Initial,112,102
917,Rich Zeoli,Lean Right,Low or Initial,136,108
918,Richard K. Sherman,Lean Left,Low or Initial,4,7
919,Richard M. Cohen,Lean Left,Low or Initial,71,71
920,Richard Perrins,Center,Low or Initial,12,15
921,Richmond Times Dispatch,Lean Right,Low or Initial,328,312
922,Rick Snyder,Lean Right,Low or Initial,25,24
923,Rick Ungar,Lean Left,na,200,185
924,Rick Wytmar,Lean Left,Low or Initial,43,51
925,Right Guest Commentaries,Right,na,110,86
926,Right Side News,Right,Low or Initial,558,292
927,Right Wing News,Right,High,485,250
928,Risen Magazine,Center,Low or Initial,3,2
929,Rob Rogers,Left,na,110,42
930,Robbie Robinette,Center,Low or Initial,1,3
931,Robby Soave,Lean Right,Low or Initial,28,24
932,Robert Ariail,Center,na,93,106
933,Robert Reich,Left,Low or Initial,74,48
934,Robert Samuelson,Center,na,161,187
935,Robert Verbruggen,Lean Right,Low or Initial,32,29
936,Robert Weissman,Lean Left,Low or Initial,10,10
937,Rod Blagojevich,Center,Low or Initial,53,168
938,Rod Eccles,Right,Low or Initial,3,2
939,Rolf Hendriks,Center,Low or Initial,53,53
940,Roll Call,Center,Low or Initial,319,318
941,RollingStone.com,Left,na,2369,612
942,Ron Suskind,Center,Low or Initial,20,19
943,Rose Mercer,Lean Left,na,6,6
944,Ross Douthat,Lean Right,na,272,192
945,RT,Lean Right,Low or Initial,189,256
946,Russell Brandom,Center,Low or Initial,32,42
947,Ruth Marcus,Lean Left,na,307,324
948,Ryan Bomberger,Right,Low or Initial,35,22
949,Ryan Cooper,Left,Low or Initial,604,159
950,Ryan Cooper,Left,Low or Initial,604,159
951,S.E. Cupp,Lean Right,Low or Initial,137,193
952,Saagar Enjeti,Center,Low or Initial,199,210
953,Sally Pipes,Right,na,324,164
954,Salon,Left,Medium,12115,5378
955,Sam Harris,Center,Low or Initial,99,77
956,Sam Seder,Left,Low or Initial,27,11
957,Samantha Shireman,Lean Left,Low or Initial,52,54
958,San Antonio Express-News,Center,Low or Initial,58,91
959,San Bernardino Sun,Center,na,37,30
960,San Diego Union-Tribune,Lean Left,na,81,87
961,San Francisco Chronicle,Left,Low or Initial,1215,498
962,San Gabriel Valley Tribune,Center,Low or Initial,41,40
963,San Jose Mercury News,Lean Left,Low or Initial,560,572
964,Sara Luterman,Lean Left,Low or Initial,4,9
965,Sarah Palin,Right,Low or Initial,17,14
966,SBG,Center,Low or Initial,99,99
967,Science Daily,Center,Low or Initial,636,394
968,Scientific American,Lean Left,Medium,2029,1089
969,Scott Adams,Center,Low or Initial,120,132
970,Scott Jennings,Lean Right,Low or Initial,88,74
971,Scott Stantis,Right,na,78,106
972,SCOTUSblog,Center,Low or Initial,94,92
973,Scriberr Media - News,Center,Low or Initial,104,88
974,Scriberr Media - Opinion/Editorial,Lean Right,Low or Initial,39,41
975,Sean McDowell,Right,Low or Initial,2,2
976,Search for Common Ground,Center,Low or Initial,3,1
977,Seattle Gay News,Lean Left,Low or Initial,2,3
978,Seeds of Peace,Center,Low or Initial,2,2
979,Semafor,Lean Left,Low or Initial,3,4
980,Sen. Jim Risch,Lean Right,Low or Initial,10,13
981,Seth Tower Hurd,Lean Right,High,39,33
982,SF Weekly,Center,na,335,423
983,SFGate,Lean Left,na,634,673
984,Shannon Mannon,Lean Left,Low or Initial,36,38
985,Signe Wilkinson,Left,na,60,46
986,Sky-Hi Daily News,Lean Left,na,210,215
987,Slate,Left,Low or Initial,10687,3829
988,Small World,Left,na,55,58
989,Smerconish,Center,Low or Initial,303,382
990,Smithsonian Magazine,Center,Low or Initial,168,143
991,Socialist Alternative,Left,Low or Initial,581,265
992,Socialist Project/The Bullet,Left,Low or Initial,495,229
993,South China Morning Post,Center,Low or Initial,135,156
994,South Florida Gay News,Lean Left,Low or Initial,2,2
995,Southern Minnesota News,Center,Low or Initial,4,1
996,Southern Poverty Law Center,Left,Low or Initial,115,29
997,Spiked,Lean Right,na,89,89
998,Splinter,Left,Low or Initial,294,161
999,Spokesman Review,Lean Left,Low or Initial,294,341
1000,Spread Great Ideas,Center,Low or Initial,16,15
1001,Springfield News-Leader,Center,Low or Initial,9,7
1002,St. Cloud Times,Lean Left,Low or Initial,1,1
1003,St. Louis Post-Dispatch,Center,Low or Initial,35,59
1004,Stacey Abrams,Lean Left,Low or Initial,129,332
1005,StandAmerica,Right,Low or Initial,2,2
1006,Star Tribune,Lean Left,Low or Initial,120,126
1007,STAT,Center,Low or Initial,63,61
1008,State Journal,Lean Left,Low or Initial,240,328
1009,Stephen Perkins,Lean Right,Low or Initial,20,16
1010,Steve Benen,Left,Low or Initial,23,14
1011,Steve Benson,Left,na,97,92
1012,Steve Breen,Center,na,93,77
1013,Steve Forbes,Lean Right,Low or Initial,147,91
1014,Steve Kelley,Right,na,59,59
1015,Steve Sack,Left,na,90,50
1016,Steven Crowder,Right,Medium,39,18
1017,Steven Petrow,Center,Low or Initial,19,27
1018,Stillwater Gazette,Center,Low or Initial,2,2
1019,Stimson Center,Center,Low or Initial,28,34
1020,StoryCorps,Mixed,Low or Initial,142,126
1021,Stuart Carlson,Left,na,66,74
1022,Students For Life,Lean Right,Low or Initial,55,65
1023,Subverse,Center,Low or Initial,162,108
1024,Sukhayl Niyazov,Center,Low or Initial,48,54
1025,Sunlight Foundation,Center,Low or Initial,160,186
1026,Suspend Belief Podcast,Mixed,Low or Initial,203,227
1027,Tablet Mag,Lean Right,Low or Initial,114,80
1028,Taipei Times,Center,Low or Initial,4,7
1029,Tallahassee Democrat,Center,Low or Initial,348,366
1030,Tampa Bay Times,Center,Low or Initial,56,105
1031,Tangle,Center,Low or Initial,83,10
1032,Tania Israel,Left,Medium,30,28
1033,Tara D. Sonenshine,Center,Low or Initial,9,9
1034,Tara Parekh,Lean Left,Low or Initial,28,27
1035,Taylor Marshall,Right,Low or Initial,1,1
1036,Tech Xplore,Center,Low or Initial,51,45
1037,TechCrunch,Center,Low or Initial,533,409
1038,Ted Rall,Left,na,84,67
1039,Teen Vogue,Left,Low or Initial,464,720
1040,Texas Monthly,Center,Low or Initial,19,38
1041,Texas Signal,Left,Low or Initial,13,21
1042,The Advocate,Lean Left,Low or Initial,62,78
1043,The Advocate-Messenger,Lean Left,Low or Initial,238,289
1044,The American Conservative,Right,Medium,407,404
1045,The American Mind,Lean Right,Medium,88,83
1046,The American Spectator,Right,Medium,12576,4448
1047,The Appeal,Center,Low or Initial,131,136
1048,The Atlantic,Left,Low or Initial,16271,9093
1049,The Bellows,Center,Low or Initial,30,25
1050,The Black Detour,Center,Low or Initial,0,1
1051,The Blaze,Right,Low or Initial,109622,85612
1052,The Boston Globe,Left,Low or Initial,1902,1389
1053,The Brazilian Report,Center,Low or Initial,8,5
1054,The Bulwark,Lean Right,Low or Initial,197,238
1055,The Cadiz Record,Lean Left,Low or Initial,211,215
1056,The Californian,Center,Low or Initial,14,11
1057,The Canyon County Zephyr,Left,High,220,176
1058,The Catalyst,Lean Right,Low or Initial,31,40
1059,The Center for American Progress,Lean Left,Low or Initial,44,86
1060,The Center Square,Center,High,10,9
1061,The Center Square - Michigan,Center,Low or Initial,126,211
1062,The Center Square - Minnesota,Center,Medium,8,4
1063,The Center Square - Texas,Center,Low or Initial,7,5
1064,The Christian Century,Lean Left,Low or Initial,3,4
1065,The Christian Left Blog,Left,Low or Initial,11,9
1066,The Christian Post,Lean Right,Low or Initial,59,58
1067,The Clarion-Ledger,Center,Low or Initial,7,10
1068,The College Fix,Right,Low or Initial,295,228
1069,The Colorado Sun,Lean Left,Low or Initial,74,64
1070,The Columbus Dispatch,Center,Low or Initial,52,86
1071,The Commercial Appeal,Lean Left,Low or Initial,214,266
1072,The Conscious Conservative,Right,Low or Initial,8,10
1073,The Conversation,Lean Left,Low or Initial,290,245
1074,The Conversation,Lean Left,Low or Initial,106,85
1075,The Corpus Christi Caller-Times,Center,Low or Initial,12,12
1076,The Courier-Journal,Lean Left,Low or Initial,287,376
1077,The Daily Caller,Right,Medium,10887,4353
1078,The Daily Dot,Lean Left,Low or Initial,229,197
1079,The Daily Iowan,Center,Low or Initial,7,11
1080,The Daily Signal,Right,Low or Initial,690,282
1081,The Daily Wire,Right,Medium,12831,4434
1082,The Dallas Morning News,Center,Low or Initial,301,348
1083,The Delaware County Daily Times,Lean Left,Low or Initial,246,286
1084,The Dispatch,Lean Right,Low or Initial,356,220
1085,The Economist,Lean Left,Medium,6809,11509
1086,The Epoch Times,Lean Right,Medium,13462,7204
1087,The Federalist,Right,Low or Initial,10197,3135
1088,The Flip Side,Mixed,High,563,377
1089,The Florida Capital Star,Right,Low or Initial,14,26
1090,The Fulcrum,Center,Low or Initial,211,217
1091,The Gateway Pundit,Right,Low or Initial,1191,573
1092,The Georgia Star News,Right,Low or Initial,21,16
1093,The Globe and Mail,Center,Low or Initial,212,313
1094,The Grio,Lean Left,Low or Initial,8,3
1095,The Guardian,Lean Left,Medium,16084,10003
1096,The Hardwood Institiute,Center,Low or Initial,2,2
1097,The Heritage Foundation,Lean Right,Medium,3262,1838
1098,The HighWire,Lean Right,Low or Initial,1,3
1099,The Hill,Center,Medium,18328,25017
1100,The Hollywood Reporter,Lean Left,Low or Initial,95,101
1101,The Huntsville Item,Center,Low or Initial,8,4
1102,The Imaginative Conservative,Right,Medium,145,95
1103,The Independent,Lean Left,na,815,584
1104,The Intercept,Left,Low or Initial,6274,1938
1105,The Iowa Torch,Lean Right,Low or Initial,9,6
1106,The Irish Times,Center,Low or Initial,6,5
1107,The Japan Times,Center,Low or Initial,86,75
1108,The Jerusalem Post,Center,na,352,380
1109,The Juggernaut,Left,Low or Initial,33,29
1110,The Justice,Lean Left,Low or Initial,192,205
1111,The Korea Herald,Center,Low or Initial,255,198
1112,The Kyiv Independent,Center,Low or Initial,41,27
1113,The Libertarian Republic,Lean Right,Low or Initial,926,789
1114,The Lincoln Project,Mixed,Low or Initial,68,314
1115,The Lufkin Daily News,Center,Low or Initial,33,32
1116,The Maine Wire,Right,Low or Initial,0,0
1117,The Maneater,Lean Left,Low or Initial,42,39
1118,The Markup,Center,Low or Initial,31,45
1119,The Marshall Project,Center,Low or Initial,80,119
1120,The McLeod County Chronicle,Center,Low or Initial,1,1
1121,The Michigan Star,Right,Low or Initial,4,7
1122,The Minnesota Daily,Lean Left,Low or Initial,3,3
1123,The Minority Eye,Left,Low or Initial,7,4
1124,The Narratives Project,Center,Low or Initial,1,0
1125,The Nation,Left,na,1800,563
1126,The National Pulse,Right,Low or Initial,598,149
1127,The Nevada Independent,Center,Low or Initial,20,29
1128,The New Yorker,Left,Low or Initial,10699,2630
1129,The Observer,Center,Low or Initial,284,494
1130,The Onion,Lean Left,Low or Initial,592,318
1131,The Oracle,Center,Low or Initial,143,173
1132,The Oregonian,Center,Low or Initial,78,199
1133,The Palm Beach Post,Center,Low or Initial,6,9
1134,The Patriot Post,Right,Low or Initial,74,95
1135,The Philadelphia Inquirer,Lean Left,Low or Initial,329,318
1136,The Philly Tribune,Left,Low or Initial,4,3
1137,The Police Tribune,Lean Right,Low or Initial,97,77
1138,The Portsmouth Herald,Center,Low or Initial,16,12
1139,The Post Millennial,Lean Right,Medium,456,322
1140,The Presbyterian Outlook,Lean Left,Low or Initial,0,4
1141,The Press-Enterprise,Lean Right,Low or Initial,40,37
1142,The Problem Solvers Caucus,Center,Low or Initial,3,1
1143,The Rachel Maddow Show,Left,Low or Initial,10,4
1144,The Red and Black,Center,Low or Initial,227,168
1145,The Reliable Bias,Center,na,177,204
1146,The Reno Gazette-Journal,Lean Left,Low or Initial,16,14
1147,The Reporters Committee for Freedom of the Press,Center,Low or Initial,55,41
1148,The Republican,Center,Low or Initial,275,558
1149,The Republican Journal,Lean Right,Low or Initial,14,13
1150,The Resurgent,Right,Low or Initial,181,154
1151,The Ripon Advance,Lean Right,Low or Initial,17,16
1152,The Root,Lean Left,Low or Initial,500,638
1153,The Sacramento Bee,Lean Left,Low or Initial,397,482
1154,The Salt Lake Tribune,Lean Left,Low or Initial,26,21
1155,The Saturday Evening Post,Center,Low or Initial,250,196
1156,The Seattle Times,Center,Low or Initial,263,518
1157,The Sierra Club,Lean Left,Low or Initial,209,310
1158,The South African,Center,Low or Initial,31,28
1159,The Spectator World,Right,Low or Initial,211,146
1160,The State,Center,Low or Initial,15,15
1161,The Steamboat Institute,Lean Right,Low or Initial,16,11
1162,The Telegraph - UK,Lean Right,Low or Initial,2070,899
1163,The Tennesseean,Center,Low or Initial,52,46
1164,The Texan,Lean Right,Low or Initial,205,149
1165,The Texas Observer,Lean Left,na,112,102
1166,The Texas Tribune,Lean Left,Low or Initial,822,349
1167,The Thread,Mixed,High,87,90
1168,The Times,Center,Low or Initial,28,44
1169,The Times-Picayune,Center,Low or Initial,37,71
1170,The Verge,Lean Left,Low or Initial,1009,623
1171,The Week - News,Lean Left,Low or Initial,4075,3379
1172,The Week - Opinion,Lean Left,Low or Initial,246,210
1173,The Weekly Standard,Right,High,1413,866
1174,The Weirton Daily Times,Center,Low or Initial,10,7
1175,The Western Journal,Right,Medium,1888,610
1176,The Wyoming Tribune Eagle,Center,Low or Initial,15,16
1177,TheGailyGrind,Left,Low or Initial,5,4
1178,Them,Lean Left,Low or Initial,5,1
1179,theSkimm,Lean Left,Low or Initial,7,10
1180,ThinkProgress,Left,Low or Initial,2812,956
1181,Thomas B. Edsall,Lean Left,Low or Initial,2,5
1182,Thomas Franck,Center,Low or Initial,11,6
1183,Thomas Frank,Lean Left,Low or Initial,188,198
1184,Thomas L. Friedman,Lean Left,Low or Initial,116,148
1185,Thomas Sowell,Lean Right,na,591,383
1186,Tiana Lowe,Right,Low or Initial,21,18
1187,Tim Groseclose,Lean Right,na,119,88
1188,Tim Pool,Center,Medium,1704,1899
1189,Tim Scott,Lean Right,Low or Initial,3,8
1190,Time Magazine,Lean Left,Low or Initial,10274,8677
1191,Times Union,Center,Low or Initial,25,33
1192,Timothy L. O'Brien,Lean Left,Low or Initial,13,16
1193,Tom Cole,Right,na,189,149
1194,Tom Nichols,Lean Right,Low or Initial,87,110
1195,Tom Rogan,Center,Low or Initial,3,5
1196,Tom Toles,Left,na,114,102
1197,Tony Auth,Left,na,80,65
1198,Tonya Russell,Lean Left,Low or Initial,40,34
1199,Toronto Star,Center,Low or Initial,91,208
1200,Townhall,Right,Medium,9919,14124
1201,Trains.com,Center,Low or Initial,49,60
1202,Trans Writes,Lean Left,Low or Initial,13,16
1203,Truthdig,Left,Low or Initial,124,64
1204,TruthOut,Lean Left,na,516,511
1205,Tucker Carlson,Right,Medium,1019,369
1206,Tulsa World,Center,Low or Initial,12,14
1207,Turning Point USA,Right,Medium,33,8
1208,Twin Cities PBS,Center,Low or Initial,12,8
1209,Twin Cities Pioneer Press,Center,Low or Initial,2,1
1210,U.S. News & World Report,Lean Left,Low or Initial,2064,2126
1211,UnHerd,Lean Right,na,2,3
1212,United Methodist Insight,Left,Low or Initial,2,1
1213,United Methodist News,Lean Left,Low or Initial,1,2
1214,United Press International,Center,Low or Initial,13,6
1215,United States Courts,Center,Medium,263,358
1216,Univision,Lean Left,Low or Initial,628,626
1217,Upward News,Lean Right,Low or Initial,105,51
1218,Upward News Editorial Team,Lean Right,Low or Initial,19,22
1219,Upworthy,Left,Low or Initial,557,377
1220,Urban Institute,Lean Left,na,587,483
1221,USA TODAY,Lean Left,High,19849,22111
1222,Vanderbilt Project on Unity and American Democracy,Center,Low or Initial,4,4
1223,Vanity Fair,Lean Left,Low or Initial,3888,2633
1224,Variety,Center,Low or Initial,80,177
1225,Vatican News,Lean Right,Low or Initial,3,2
1226,Vice,Left,Low or Initial,4301,1068
1227,Victor Hanson,Lean Right,na,269,266
1228,Virginia Mercury,Center,Low or Initial,65,74
1229,Virtue Online,Right,Low or Initial,3,1
1230,Vogue,Left,Low or Initial,21,13
1231,Voice of America,Center,Low or Initial,242,255
1232,Voice of Chid,Right,Low or Initial,5,3
1233,Volante,Center,Low or Initial,189,212
1234,Vote Smart,Center,na,265,269
1235,Vox,Left,High,32463,15487
1236,VT Digger,Lean Left,Low or Initial,248,273
1237,Wake Up to Politics,Center,Low or Initial,133,109
1238,Wall Street Journal,Center,High,24968,27143
1239,Wall Street Journal,Lean Right,High,12279,8186
1240,Walt Handelsman,Left,na,121,132
1241,WANDTV,Center,Low or Initial,106,99
1242,Washington Blade,Lean Left,Low or Initial,1,2
1243,Washington Examiner,Lean Right,High,14412,6960
1244,Washington Free Beacon,Right,Medium,943,692
1245,Washington Monthly,Lean Left,Low or Initial,354,323
1246,Washington Post,Lean Left,High,38585,27222
1247,Washington Times,Lean Right,Medium,29125,13962
1248,Watchdog.org,Lean Right,Low or Initial,623,657
1249,WBUR,Center,Low or Initial,25,28
1250,WCVB,Center,Low or Initial,16,11
1251,WFAE,Center,Low or Initial,220,238
1252,WGBH,Center,Low or Initial,440,416
1253,WGN,Center,Low or Initial,217,230
1254,Whatfinger News,Right,Low or Initial,273,209
1255,Whitehouse.gov,Lean Left,Low or Initial,560,764
1256,Whittier Daily News,Center,Low or Initial,40,46
1257,Will Reusch,Center,Low or Initial,2,0
1258,Willam A. Galston,Lean Left,Low or Initial,152,137
1259,William Bennett,Right,na,187,244
1260,William McGurn,Right,na,137,82
1261,Winona Daily,Center,Low or Initial,2,3
1262,Wired,Center,Low or Initial,439,699
1263,Wisconsin Gazette,Lean Left,na,274,254
1264,WND,Right,High,887,352
1265,World Magazine,Right,Low or Initial,3,8
1266,World Wildlife,Center,Low or Initial,40,42
1267,Worthy News,Center,Low or Initial,3,3
1268,WVNews.com,Center,Low or Initial,13,9
1269,WyoFile,Lean Right,Low or Initial,19,18
1270,Wyoming Public Media,Lean Left,Low or Initial,10,11
1271,Yahoo News,Lean Left,Medium,4652,3076
1272,Yahoo! The 360,Mixed,Medium,220,387
1273,Yash Goenka,Lean Left,Low or Initial,5,13
1274,Yasmin Tavakoli,Center,Low or Initial,37,36
1275,Yes! Magazine,Left,na,490,265
1276,Zack Beauchamp,Lean Left,Low or Initial,24,29
1277,Zeeshan Aleem,Left,Low or Initial,19,19
1278,ZeroHedge,Lean Right,na,238,181
